Workbook

Sheet Dataset_Rapi
A2: ID_Pelanggan | B2: No | C2: Frekuensi_Kunjungan | D2: Total_Belanja_Rp | E2: Rata_Rata_Belanja_Rp
A3: P01 | B3: 1 | C3: 1 | D3: 50000 | E3: 50000
A4: P02 | B4: 2 | C4: 2 | D4: 90000 | E4: 45000
A5: P03 | B5: 3 | C5: 2 | D5: 100000 | E5: 50000
A6: P04 | B6: 4 | C6: 3 | D6: 135000 | E6: 45000
A7: P05 | B7: 5 | C7: 3 | D7: 150000 | E7: 50000
A8: P06 | B8: 6 | C8: 4 | D8: 180000 | E8: 45000
A9: P07 | B9: 7 | C9: 4 | D9: 200000 | E9: 50000
A10: P08 | B10: 8 | C10: 5 | D10: 225000 | E10: 45000
A11: P09 | B11: 9 | C11: 5 | D11: 250000 | E11: 50000
A12: P10 | B12: 10 | C12: 6 | D12: 300000 | E12: 50000
A13: P11 | B13: 11 | C13: 6 | D13: 330000 | E13: 55000
A14: P12 | B14: 12 | C14: 7 | D14: 385000 | E14: 55000
... A52: P50 | B52: 50 | C52: 70 | D52: 3850000 | E52: 55000

Sheet Iterasi_1
A1: ID | B1: Frekuensi | C1: Total_Belanja | D1: Rata_Rata | E1: Jarak_C1 | F1: Jarak_C2 | G1: Jarak_C3 | H1: Cluster | J1: Centroid
A2: =Dataset_Rapi!A3 -> P01 | B2: =Dataset_Rapi!B3 -> 1 | C2: =Dataset_Rapi!C3 -> 1 | D2: =Dataset_Rapi!D3 -> 50000 | E2: =SQRT((B2-$J$2)^2+(C2-$K$2)^2+(D2-$L$2)^2) -> 200248.85 | F2: =SQRT((B2-$J$3)^2+(C2-$K$3)^2+(D2-$L$3)^2) -> 500098.99 | G2: =SQRT((B2-$J$4)^2+(C2-$K$4)^2+(D2-$L$4)^2) -> 800561.3 | H2: =MATCH(MIN(E2:G2),E2:G2,0) -> 1 | J2: 5 | K2: 200000 | L2: 40000
A3: =Dataset_Rapi!A4 -> P02 | B3: =Dataset_Rapi!B4 -> 2 | C3: =Dataset_Rapi!C4 -> 2 | D3: =Dataset_Rapi!D4 -> 90000 | E3: =SQRT((B3-$J$2)^2+(C3-$K$2)^2+(D3-$L$2)^2) -> 206153.34 | F3: =SQRT((B3-$J$3)^2+(C3-$K$3)^2+(D3-$L$3)^2) -> 500897.2 | G3: =SQRT((B3-$J$4)^2+(C3-$K$4)^2+(D3-$L$4)^2) -> 800060.5 | H3: =MATCH(MIN(E3:G3),E3:G3,0) -> 1 | J3: 10 | K3: 500000 | L3: 60000
A4: =Dataset_Rapi!A5 -> P03 | B4: =Dataset_Rapi!B5 -> 3 | C4: =Dataset_Rapi!C5 -> 2 | D4: =Dataset_Rapi!D5 -> 100000 | E4: =SQRT((B4-$J$2)^2+(C4-$K$2)^2+(D4-$L$2)^2) -> 208804.21 | F4: =SQRT((B4-$J$3)^2+(C4-$K$3)^2+(D4-$L$3)^2) -> 501595.45 | G4: =SQRT((B4-$J$4)^2+(C4-$K$4)^2+(D4-$L$4)^2) -> 800247.96 | H4: =MATCH(MIN(E4:G4),E4:G4,0) -> 1 | J4: 15 | K4: 800000 | L4: 80000
A5: =Dataset_Rapi!A6 -> P04 | B5: =Dataset_Rapi!B6 -> 4 | C5: =Dataset_Rapi!C6 -> 3 | D5: =Dataset_Rapi!D6 -> 135000 | E5: =SQRT((B5-$J$2)^2+(C5-$K$2)^2+(D5-$L$2)^2) -> 221413.19 | F5: =SQRT((B5-$J$3)^2+(C5-$K$3)^2+(D5-$L$3)^2) -> 505590.74 | G5: =SQRT((B5-$J$4)^2+(C5-$K$4)^2+(D5-$L$4)^2) -> 801885.4 | H5: =MATCH(MIN(E5:G5),E5:G5,0) -> 1
A6: =Dataset_Rapi!A7 -> P05 | B6: =Dataset_Rapi!B7 -> 5 | C6: =Dataset_Rapi!C7 -> 3 | D6: =Dataset_Rapi!D7 -> 150000 | E6: =SQRT((B6-$J$2)^2+(C6-$K$2)^2+(D6-$L$2)^2) -> 228251.62 | F6: =SQRT((B6-$J$3)^2+(C6-$K$3)^2+(D6-$L$3)^2) -> 508032.48 | G6: =SQRT((B6-$J$4)^2+(C6-$K$4)^2+(D6-$L$4)^2) -> 803053.67 | H6: =MATCH(MIN(E6:G6),E6:G6,0) -> 1
A7: =Dataset_Rapi!A8 -> P06 | B7: =Dataset_Rapi!B8 -> 6 | C7: =Dataset_Rapi!C8 -> 4 | D7: =Dataset_Rapi!D8 -> 180000 | E7: =SQRT((B7-$J$2)^2+(C7-$K$2)^2+(D7-$L$2)^2) -> 244127.84 | F7: =SQRT((B7-$J$3)^2+(C7-$K$3)^2+(D7-$L$3)^2) -> 514194.52 | G7: =SQRT((B7-$J$4)^2+(C7-$K$4)^2+(D7-$L$4)^2) -> 806221.81 | H7: =MATCH(MIN(E7:G7),E7:G7,0) -> 1
A8: =Dataset_Rapi!A9 -> P07 | B8: =Dataset_Rapi!B9 -> 7 | C8: =Dataset_Rapi!C9 -> 4 | D8: =Dataset_Rapi!D9 -> 200000 | E8: =SQRT((B8-$J$2)^2+(C8-$K$2)^2+(D8-$L$2)^2) -> 256121.85 | F8: =SQRT((B8-$J$3)^2+(C8-$K$3)^2+(D8-$L$3)^2) -> 519226.35 | G8: =SQRT((B8-$J$4)^2+(C8-$K$4)^2+(D8-$L$4)^2) -> 808945.98 | H8: =MATCH(MIN(E8:G8),E8:G8,0) -> 1
A9: =Dataset_Rapi!A10 -> P08 | B9: =Dataset_Rapi!B10 -> 8 | C9: =Dataset_Rapi!C10 -> 5 | D9: =Dataset_Rapi!D10 -> 225000 | E9: =SQRT((B9-$J$2)^2+(C9-$K$2)^2+(D9-$L$2)^2) -> 272438.98 | F9: =SQRT((B9-$J$3)^2+(C9-$K$3)^2+(D9-$L$3)^2) -> 526516.86 | G9: =SQRT((B9-$J$4)^2+(C9-$K$4)^2+(D9-$L$4)^2) -> 813029.52 | H9: =MATCH(MIN(E9:G9),E9:G9,0) -> 1
A10: =Dataset_Rapi!A11 -> P09 | B10: =Dataset_Rapi!B11 -> 9 | C10: =Dataset_Rapi!C11 -> 5 | D10: =Dataset_Rapi!D11 -> 250000 | E10: =SQRT((B10-$J$2)^2+(C10-$K$2)^2+(D10-$L$2)^2) -> 289996.55 | F10: =SQRT((B10-$J$3)^2+(C10-$K$3)^2+(D10-$L$3)^2) -> 534878.49 | G10: =SQRT((B10-$J$4)^2+(C10-$K$4)^2+(D10-$L$4)^2) -> 817858.18 | H10: =MATCH(MIN(E10:G10),E10:G10,0) -> 1
A11: =Dataset_Rapi!A12 -> P10 | B11: =Dataset_Rapi!B12 -> 10 | C11: =Dataset_Rapi!C12 -> 6 | D11: =Dataset_Rapi!D12 -> 300000 | E11: =SQRT((B11-$J$2)^2+(C11-$K$2)^2+(D11-$L$2)^2) -> 328020.73 | F11: =SQRT((B11-$J$3)^2+(C11-$K$3)^2+(D11-$L$3)^2) -> 554611.58 | G11: =SQRT((B11-$J$4)^2+(C11-$K$4)^2+(D11-$L$4)^2) -> 829692.96 | H11: =MATCH(MIN(E11:G11),E11:G11,0) -> 1
A12: =Dataset_Rapi!A13 -> P11 | B12: =Dataset_Rapi!B13 -> 11 | C12: =Dataset_Rapi!C13 -> 6 | D12: =Dataset_Rapi!D13 -> 330000 | E12: =SQRT((B12-$J$2)^2+(C12-$K$2)^2+(D12-$L$2)^2) -> 352274.89 | F12: =SQRT((B12-$J$3)^2+(C12-$K$3)^2+(D12-$L$3)^2) -> 568237.63 | G12: =SQRT((B12-$J$4)^2+(C12-$K$4)^2+(D12-$L$4)^2) -> 838147 | H12: =MATCH(MIN(E12:G12),E12:G12,0) -> 1
A13: =Dataset_Rapi!A14 -> P12 | B13: =Dataset_Rapi!B14 -> 12 | C13: =Dataset_Rapi!C14 -> 7 | D13: =Dataset_Rapi!D14 -> 385000 | E13: =SQRT((B13-$J$2)^2+(C13-$K$2)^2+(D13-$L$2)^2) -> 398775.88 | F13: =SQRT((B13-$J$3)^2+(C13-$K$3)^2+(D13-$L$3)^2) -> 596337.15 | G13: =SQRT((B13-$J$4)^2+(C13-$K$4)^2+(D13-$L$4)^2) -> 856162.25 | H13: =MATCH(MIN(E13:G13),E13:G13,0) -> 1
A14: =Dataset_Rapi!A15 -> P13 | B14: =Dataset_Rapi!B15 -> 13 | C14: =Dataset_Rapi!C15 -> 8 | D14: =Dataset_Rapi!D15 -> 440000 | E14: =SQRT((B14-$J$2)^2+(C14-$K$2)^2+(D14-$L$2)^2) -> 447210.02 | F14: =SQRT((B14-$J$3)^2+(C14-$K$3)^2+(D14-$L$3)^2) -> 628006.37 | G14: =SQRT((B14-$J$4)^2+(C14-$K$4)^2+(D14-$L$4)^2) -> 877261.19 | H14: =MATCH(MIN(E14:G14),E14:G14,0) -> 1
A15: =Dataset_Rapi!A16 -> P14 | B15: =Dataset_Rapi!B16 -> 14 | C15: =Dataset_Rapi!C16 -> 9 | D15: =Dataset_Rapi!D16 -> 495000 | E15: =SQRT((B15-$J$2)^2+(C15-$K$2)^2+(D15-$L$2)^2) -> 497012.47 | F15: =SQRT((B15-$J$3)^2+(C15-$K$3)^2+(D15-$L$3)^2) -> 662733.73 | G15: =SQRT((B15-$J$4)^2+(C15-$K$4)^2+(D15-$L$4)^2) -> 901227.27 | H15: =MATCH(MIN(E15:G15),E15:G15,0) -> 1
A16: =Dataset_Rapi!A17 -> P15 | B16: =Dataset_Rapi!B17 -> 15 | C16: =Dataset_Rapi!C17 -> 10 | D16: =Dataset_Rapi!D17 -> 550000 | E16: =SQRT((B16-$J$2)^2+(C16-$K$2)^2+(D16-$L$2)^2) -> 547810.19 | F16: =SQRT((B16-$J$3)^2+(C16-$K$3)^2+(D16-$L$3)^2) -> 700064.28 | G16: =SQRT((B16-$J$4)^2+(C16-$K$4)^2+(D16-$L$4)^2) -> 927838.35 | H16: =MATCH(MIN(E16:G16),E16:G16,0) -> 1
... A51: =Dataset_Rapi!A52 -> P50 | B51: =Dataset_Rapi!B52 -> 50 | C51: =Dataset_Rapi!C52 -> 70 | D51: =Dataset_Rapi!D52 -> 3850000 | E51: =SQRT((B51-$J$2)^2+(C51-$K$2)^2+(D51-$L$2)^2) -> 3815242.1 | F51: =SQRT((B51-$J$3)^2+(C51-$K$3)^2+(D51-$L$3)^2) -> 3822830.1 | G51: =SQRT((B51-$J$4)^2+(C51-$K$4)^2+(D51-$L$4)^2) -> 3853931.5 | H51: =MATCH(MIN(E51:G51),E51:G51,0) -> 1

Sheet Iterasi_2
A1: ID | B1: Frekuensi | C1: Total_Belanja | D1: Rata_Rata | E1: Jarak_C1 | F1: Jarak_C2 | G1: Jarak_C3 | H1: Cluster | J1: Centroid
A2: =Dataset_Rapi!A3 -> P01 | B2: =Dataset_Rapi!B3 -> 1 | C2: =Dataset_Rapi!C3 -> 1 | D2: =Dataset_Rapi!D3 -> 50000 | E2: =SQRT((B2-$J$2)^2+(C2-$K$2)^2+(D2-$L$2)^2) -> 200248.85 | F2: =SQRT((B2-$J$3)^2+(C2-$K$3)^2+(D2-$L$3)^2) -> 500098.99 | G2: =SQRT((B2-$J$4)^2+(C2-$K$4)^2+(D2-$L$4)^2) -> 800561.3 | H2: =MATCH(MIN(E2:G2),E2:G2,0) -> 1 | J2: 5 | K2: 200000 | L2: 40000
A3: =Dataset_Rapi!A4 -> P02 | B3: =Dataset_Rapi!B4 -> 2 | C3: =Dataset_Rapi!C4 -> 2 | D3: =Dataset_Rapi!D4 -> 90000 | E3: =SQRT((B3-$J$2)^2+(C3-$K$2)^2+(D3-$L$2)^2) -> 206153.34 | F3: =SQRT((B3-$J$3)^2+(C3-$K$3)^2+(D3-$L$3)^2) -> 500897.2 | G3: =SQRT((B3-$J$4)^2+(C3-$K$4)^2+(D3-$L$4)^2) -> 800060.5 | H3: =MATCH(MIN(E3:G3),E3:G3,0) -> 1 | J3: 10 | K3: 500000 | L3: 60000
A4: =Dataset_Rapi!A5 -> P03 | B4: =Dataset_Rapi!B5 -> 3 | C4: =Dataset_Rapi!C5 -> 2 | D4: =Dataset_Rapi!D5 -> 100000 | E4: =SQRT((B4-$J$2)^2+(C4-$K$2)^2+(D4-$L$2)^2) -> 208804.21 | F4: =SQRT((B4-$J$3)^2+(C4-$K$3)^2+(D4-$L$3)^2) -> 501595.45 | G4: =SQRT((B4-$J$4)^2+(C4-$K$4)^2+(D4-$L$4)^2) -> 800247.96 | H4: =MATCH(MIN(E4:G4),E4:G4,0) -> 1 | J4: 15 | K4: 800000 | L4: 80000
A5: =Dataset_Rapi!A6 -> P04 | B5: =Dataset_Rapi!B6 -> 4 | C5: =Dataset_Rapi!C6 -> 3 | D5: =Dataset_Rapi!D6 -> 135000 | E5: =SQRT((B5-$J$2)^2+(C5-$K$2)^2+(D5-$L$2)^2) -> 221413.19 | F5: =SQRT((B5-$J$3)^2+(C5-$K$3)^2+(D5-$L$3)^2) -> 505590.74 | G5: =SQRT((B5-$J$4)^2+(C5-$K$4)^2+(D5-$L$4)^2) -> 801885.4 | H5: =MATCH(MIN(E5:G5),E5:G5,0) -> 1
A6: =Dataset_Rapi!A7 -> P05 | B6: =Dataset_Rapi!B7 -> 5 | C6: =Dataset_Rapi!C7 -> 3 | D6: =Dataset_Rapi!D7 -> 150000 | E6: =SQRT((B6-$J$2)^2+(C6-$K$2)^2+(D6-$L$2)^2) -> 228251.62 | F6: =SQRT((B6-$J$3)^2+(C6-$K$3)^2+(D6-$L$3)^2) -> 508032.48 | G6: =SQRT((B6-$J$4)^2+(C6-$K$4)^2+(D6-$L$4)^2) -> 803053.67 | H6: =MATCH(MIN(E6:G6),E6:G6,0) -> 1
A7: =Dataset_Rapi!A8 -> P06 | B7: =Dataset_Rapi!B8 -> 6 | C7: =Dataset_Rapi!C8 -> 4 | D7: =Dataset_Rapi!D8 -> 180000 | E7: =SQRT((B7-$J$2)^2+(C7-$K$2)^2+(D7-$L$2)^2) -> 244127.84 | F7: =SQRT((B7-$J$3)^2+(C7-$K$3)^2+(D7-$L$3)^2) -> 514194.52 | G7: =SQRT((B7-$J$4)^2+(C7-$K$4)^2+(D7-$L$4)^2) -> 806221.81 | H7: =MATCH(MIN(E7:G7),E7:G7,0) -> 1
A8: =Dataset_Rapi!A9 -> P07 | B8: =Dataset_Rapi!B9 -> 7 | C8: =Dataset_Rapi!C9 -> 4 | D8: =Dataset_Rapi!D9 -> 200000 | E8: =SQRT((B8-$J$2)^2+(C8-$K$2)^2+(D8-$L$2)^2) -> 256121.85 | F8: =SQRT((B8-$J$3)^2+(C8-$K$3)^2+(D8-$L$3)^2) -> 519226.35 | G8: =SQRT((B8-$J$4)^2+(C8-$K$4)^2+(D8-$L$4)^2) -> 808945.98 | H8: =MATCH(MIN(E8:G8),E8:G8,0) -> 1
A9: =Dataset_Rapi!A10 -> P08 | B9: =Dataset_Rapi!B10 -> 8 | C9: =Dataset_Rapi!C10 -> 5 | D9: =Dataset_Rapi!D10 -> 225000 | E9: =SQRT((B9-$J$2)^2+(C9-$K$2)^2+(D9-$L$2)^2) -> 272438.98 | F9: =SQRT((B9-$J$3)^2+(C9-$K$3)^2+(D9-$L$3)^2) -> 526516.86 | G9: =SQRT((B9-$J$4)^2+(C9-$K$4)^2+(D9-$L$4)^2) -> 813029.52 | H9: =MATCH(MIN(E9:G9),E9:G9,0) -> 1
A10: =Dataset_Rapi!A11 -> P09 | B10: =Dataset_Rapi!B11 -> 9 | C10: =Dataset_Rapi!C11 -> 5 | D10: =Dataset_Rapi!D11 -> 250000 | E10: =SQRT((B10-$J$2)^2+(C10-$K$2)^2+(D10-$L$2)^2) -> 289996.55 | F10: =SQRT((B10-$J$3)^2+(C10-$K$3)^2+(D10-$L$3)^2) -> 534878.49 | G10: =SQRT((B10-$J$4)^2+(C10-$K$4)^2+(D10-$L$4)^2) -> 817858.18 | H10: =MATCH(MIN(E10:G10),E10:G10,0) -> 1
A11: =Dataset_Rapi!A12 -> P10 | B11: =Dataset_Rapi!B12 -> 10 | C11: =Dataset_Rapi!C12 -> 6 | D11: =Dataset_Rapi!D12 -> 300000 | E11: =SQRT((B11-$J$2)^2+(C11-$K$2)^2+(D11-$L$2)^2) -> 328020.73 | F11: =SQRT((B11-$J$3)^2+(C11-$K$3)^2+(D11-$L$3)^2) -> 554611.58 | G11: =SQRT((B11-$J$4)^2+(C11-$K$4)^2+(D11-$L$4)^2) -> 829692.96 | H11: =MATCH(MIN(E11:G11),E11:G11,0) -> 1
A12: =Dataset_Rapi!A13 -> P11 | B12: =Dataset_Rapi!B13 -> 11 | C12: =Dataset_Rapi!C13 -> 6 | D12: =Dataset_Rapi!D13 -> 330000 | E12: =SQRT((B12-$J$2)^2+(C12-$K$2)^2+(D12-$L$2)^2) -> 352274.89 | F12: =SQRT((B12-$J$3)^2+(C12-$K$3)^2+(D12-$L$3)^2) -> 568237.63 | G12: =SQRT((B12-$J$4)^2+(C12-$K$4)^2+(D12-$L$4)^2) -> 838147 | H12: =MATCH(MIN(E12:G12),E12:G12,0) -> 1
A13: =Dataset_Rapi!A14 -> P12 | B13: =Dataset_Rapi!B14 -> 12 | C13: =Dataset_Rapi!C14 -> 7 | D13: =Dataset_Rapi!D14 -> 385000 | E13: =SQRT((B13-$J$2)^2+(C13-$K$2)^2+(D13-$L$2)^2) -> 398775.88 | F13: =SQRT((B13-$J$3)^2+(C13-$K$3)^2+(D13-$L$3)^2) -> 596337.15 | G13: =SQRT((B13-$J$4)^2+(C13-$K$4)^2+(D13-$L$4)^2) -> 856162.25 | H13: =MATCH(MIN(E13:G13),E13:G13,0) -> 1
A14: =Dataset_Rapi!A15 -> P13 | B14: =Dataset_Rapi!B15 -> 13 | C14: =Dataset_Rapi!C15 -> 8 | D14: =Dataset_Rapi!D15 -> 440000 | E14: =SQRT((B14-$J$2)^2+(C14-$K$2)^2+(D14-$L$2)^2) -> 447210.02 | F14: =SQRT((B14-$J$3)^2+(C14-$K$3)^2+(D14-$L$3)^2) -> 628006.37 | G14: =SQRT((B14-$J$4)^2+(C14-$K$4)^2+(D14-$L$4)^2) -> 877261.19 | H14: =MATCH(MIN(E14:G14),E14:G14,0) -> 1
A15: =Dataset_Rapi!A16 -> P14 | B15: =Dataset_Rapi!B16 -> 14 | C15: =Dataset_Rapi!C16 -> 9 | D15: =Dataset_Rapi!D16 -> 495000 | E15: =SQRT((B15-$J$2)^2+(C15-$K$2)^2+(D15-$L$2)^2) -> 497012.47 | F15: =SQRT((B15-$J$3)^2+(C15-$K$3)^2+(D15-$L$3)^2) -> 662733.73 | G15: =SQRT((B15-$J$4)^2+(C15-$K$4)^2+(D15-$L$4)^2) -> 901227.27 | H15: =MATCH(MIN(E15:G15),E15:G15,0) -> 1
A16: =Dataset_Rapi!A17 -> P15 | B16: =Dataset_Rapi!B17 -> 15 | C16: =Dataset_Rapi!C17 -> 10 | D16: =Dataset_Rapi!D17 -> 550000 | E16: =SQRT((B16-$J$2)^2+(C16-$K$2)^2+(D16-$L$2)^2) -> 547810.19 | F16: =SQRT((B16-$J$3)^2+(C16-$K$3)^2+(D16-$L$3)^2) -> 700064.28 | G16: =SQRT((B16-$J$4)^2+(C16-$K$4)^2+(D16-$L$4)^2) -> 927838.35 | H16: =MATCH(MIN(E16:G16),E16:G16,0) -> 1
... A51: =Dataset_Rapi!A52 -> P50 | B51: =Dataset_Rapi!B52 -> 50 | C51: =Dataset_Rapi!C52 -> 70 | D51: =Dataset_Rapi!D52 -> 3850000 | E51: =SQRT((B51-$J$2)^2+(C51-$K$2)^2+(D51-$L$2)^2) -> 3815242.1 | F51: =SQRT((B51-$J$3)^2+(C51-$K$3)^2+(D51-$L$3)^2) -> 3822830.1 | G51: =SQRT((B51-$J$4)^2+(C51-$K$4)^2+(D51-$L$4)^2) -> 3853931.5 | H51: =MATCH(MIN(E51:G51),E51:G51,0) -> 1

Sheet Iterasi_3
A1: ID | B1: Frekuensi | C1: Total_Belanja | D1: Rata_Rata | E1: Jarak_C1 | F1: Jarak_C2 | G1: Jarak_C3 | H1: Cluster | J1: Centroid
A2: =Dataset_Rapi!A3 -> P01 | B2: =Dataset_Rapi!B3 -> 1 | C2: =Dataset_Rapi!C3 -> 1 | D2: =Dataset_Rapi!D3 -> 50000 | E2: =SQRT((B2-$J$2)^2+(C2-$K$2)^2+(D2-$L$2)^2) -> 200248.85 | F2: =SQRT((B2-$J$3)^2+(C2-$K$3)^2+(D2-$L$3)^2) -> 500098.99 | G2: =SQRT((B2-$J$4)^2+(C2-$K$4)^2+(D2-$L$4)^2) -> 800561.3 | H2: =MATCH(MIN(E2:G2),E2:G2,0) -> 1 | J2: 5 | K2: 200000 | L2: 40000
A3: =Dataset_Rapi!A4 -> P02 | B3: =Dataset_Rapi!B4 -> 2 | C3: =Dataset_Rapi!C4 -> 2 | D3: =Dataset_Rapi!D4 -> 90000 | E3: =SQRT((B3-$J$2)^2+(C3-$K$2)^2+(D3-$L$2)^2) -> 206153.34 | F3: =SQRT((B3-$J$3)^2+(C3-$K$3)^2+(D3-$L$3)^2) -> 500897.2 | G3: =SQRT((B3-$J$4)^2+(C3-$K$4)^2+(D3-$L$4)^2) -> 800060.5 | H3: =MATCH(MIN(E3:G3),E3:G3,0) -> 1 | J3: 10 | K3: 500000 | L3: 60000
A4: =Dataset_Rapi!A5 -> P03 | B4: =Dataset_Rapi!B5 -> 3 | C4: =Dataset_Rapi!C5 -> 2 | D4: =Dataset_Rapi!D5 -> 100000 | E4: =SQRT((B4-$J$2)^2+(C4-$K$2)^2+(D4-$L$2)^2) -> 208804.21 | F4: =SQRT((B4-$J$3)^2+(C4-$K$3)^2+(D4-$L$3)^2) -> 501595.45 | G4: =SQRT((B4-$J$4)^2+(C4-$K$4)^2+(D4-$L$4)^2) -> 800247.96 | H4: =MATCH(MIN(E4:G4),E4:G4,0) -> 1 | J4: 15 | K4: 800000 | L4: 80000
A5: =Dataset_Rapi!A6 -> P04 | B5: =Dataset_Rapi!B6 -> 4 | C5: =Dataset_Rapi!C6 -> 3 | D5: =Dataset_Rapi!D6 -> 135000 | E5: =SQRT((B5-$J$2)^2+(C5-$K$2)^2+(D5-$L$2)^2) -> 221413.19 | F5: =SQRT((B5-$J$3)^2+(C5-$K$3)^2+(D5-$L$3)^2) -> 505590.74 | G5: =SQRT((B5-$J$4)^2+(C5-$K$4)^2+(D5-$L$4)^2) -> 801885.4 | H5: =MATCH(MIN(E5:G5),E5:G5,0) -> 1
A6: =Dataset_Rapi!A7 -> P05 | B6: =Dataset_Rapi!B7 -> 5 | C6: =Dataset_Rapi!C7 -> 3 | D6: =Dataset_Rapi!D7 -> 150000 | E6: =SQRT((B6-$J$2)^2+(C6-$K$2)^2+(D6-$L$2)^2) -> 228251.62 | F6: =SQRT((B6-$J$3)^2+(C6-$K$3)^2+(D6-$L$3)^2) -> 508032.48 | G6: =SQRT((B6-$J$4)^2+(C6-$K$4)^2+(D6-$L$4)^2) -> 803053.67 | H6: =MATCH(MIN(E6:G6),E6:G6,0) -> 1 | J6: Centroid Iterasi 3 (diupdate dari Iterasi 2)
A7: =Dataset_Rapi!A8 -> P06 | B7: =Dataset_Rapi!B8 -> 6 | C7: =Dataset_Rapi!C8 -> 4 | D7: =Dataset_Rapi!D8 -> 180000 | E7: =SQRT((B7-$J$2)^2+(C7-$K$2)^2+(D7-$L$2)^2) -> 244127.84 | F7: =SQRT((B7-$J$3)^2+(C7-$K$3)^2+(D7-$L$3)^2) -> 514194.52 | G7: =SQRT((B7-$J$4)^2+(C7-$K$4)^2+(D7-$L$4)^2) -> 806221.81 | H7: =MATCH(MIN(E7:G7),E7:G7,0) -> 1
A8: =Dataset_Rapi!A9 -> P07 | B8: =Dataset_Rapi!B9 -> 7 | C8: =Dataset_Rapi!C9 -> 4 | D8: =Dataset_Rapi!D9 -> 200000 | E8: =SQRT((B8-$J$2)^2+(C8-$K$2)^2+(D8-$L$2)^2) -> 256121.85 | F8: =SQRT((B8-$J$3)^2+(C8-$K$3)^2+(D8-$L$3)^2) -> 519226.35 | G8: =SQRT((B8-$J$4)^2+(C8-$K$4)^2+(D8-$L$4)^2) -> 808945.98 | H8: =MATCH(MIN(E8:G8),E8:G8,0) -> 1
A9: =Dataset_Rapi!A10 -> P08 | B9: =Dataset_Rapi!B10 -> 8 | C9: =Dataset_Rapi!C10 -> 5 | D9: =Dataset_Rapi!D10 -> 225000 | E9: =SQRT((B9-$J$2)^2+(C9-$K$2)^2+(D9-$L$2)^2) -> 272438.98 | F9: =SQRT((B9-$J$3)^2+(C9-$K$3)^2+(D9-$L$3)^2) -> 526516.86 | G9: =SQRT((B9-$J$4)^2+(C9-$K$4)^2+(D9-$L$4)^2) -> 813029.52 | H9: =MATCH(MIN(E9:G9),E9:G9,0) -> 1
A10: =Dataset_Rapi!A11 -> P09 | B10: =Dataset_Rapi!B11 -> 9 | C10: =Dataset_Rapi!C11 -> 5 | D10: =Dataset_Rapi!D11 -> 250000 | E10: =SQRT((B10-$J$2)^2+(C10-$K$2)^2+(D10-$L$2)^2) -> 289996.55 | F10: =SQRT((B10-$J$3)^2+(C10-$K$3)^2+(D10-$L$3)^2) -> 534878.49 | G10: =SQRT((B10-$J$4)^2+(C10-$K$4)^2+(D10-$L$4)^2) -> 817858.18 | H10: =MATCH(MIN(E10:G10),E10:G10,0) -> 1
A11: =Dataset_Rapi!A12 -> P10 | B11: =Dataset_Rapi!B12 -> 10 | C11: =Dataset_Rapi!C12 -> 6 | D11: =Dataset_Rapi!D12 -> 300000 | E11: =SQRT((B11-$J$2)^2+(C11-$K$2)^2+(D11-$L$2)^2) -> 328020.73 | F11: =SQRT((B11-$J$3)^2+(C11-$K$3)^2+(D11-$L$3)^2) -> 554611.58 | G11: =SQRT((B11-$J$4)^2+(C11-$K$4)^2+(D11-$L$4)^2) -> 829692.96 | H11: =MATCH(MIN(E11:G11),E11:G11,0) -> 1
A12: =Dataset_Rapi!A13 -> P11 | B12: =Dataset_Rapi!B13 -> 11 | C12: =Dataset_Rapi!C13 -> 6 | D12: =Dataset_Rapi!D13 -> 330000 | E12: =SQRT((B12-$J$2)^2+(C12-$K$2)^2+(D12-$L$2)^2) -> 352274.89 | F12: =SQRT((B12-$J$3)^2+(C12-$K$3)^2+(D12-$L$3)^2) -> 568237.63 | G12: =SQRT((B12-$J$4)^2+(C12-$K$4)^2+(D12-$L$4)^2) -> 838147 | H12: =MATCH(MIN(E12:G12),E12:G12,0) -> 1
A13: =Dataset_Rapi!A14 -> P12 | B13: =Dataset_Rapi!B14 -> 12 | C13: =Dataset_Rapi!C14 -> 7 | D13: =Dataset_Rapi!D14 -> 385000 | E13: =SQRT((B13-$J$2)^2+(C13-$K$2)^2+(D13-$L$2)^2) -> 398775.88 | F13: =SQRT((B13-$J$3)^2+(C13-$K$3)^2+(D13-$L$3)^2) -> 596337.15 | G13: =SQRT((B13-$J$4)^2+(C13-$K$4)^2+(D13-$L$4)^2) -> 856162.25 | H13: =MATCH(MIN(E13:G13),E13:G13,0) -> 1
A14: =Dataset_Rapi!A15 -> P13 | B14: =Dataset_Rapi!B15 -> 13 | C14: =Dataset_Rapi!C15 -> 8 | D14: =Dataset_Rapi!D15 -> 440000 | E14: =SQRT((B14-$J$2)^2+(C14-$K$2)^2+(D14-$L$2)^2) -> 447210.02 | F14: =SQRT((B14-$J$3)^2+(C14-$K$3)^2+(D14-$L$3)^2) -> 628006.37 | G14: =SQRT((B14-$J$4)^2+(C14-$K$4)^2+(D14-$L$4)^2) -> 877261.19 | H14: =MATCH(MIN(E14:G14),E14:G14,0) -> 1
A15: =Dataset_Rapi!A16 -> P14 | B15: =Dataset_Rapi!B16 -> 14 | C15: =Dataset_Rapi!C16 -> 9 | D15: =Dataset_Rapi!D16 -> 495000 | E15: =SQRT((B15-$J$2)^2+(C15-$K$2)^2+(D15-$L$2)^2) -> 497012.47 | F15: =SQRT((B15-$J$3)^2+(C15-$K$3)^2+(D15-$L$3)^2) -> 662733.73 | G15: =SQRT((B15-$J$4)^2+(C15-$K$4)^2+(D15-$L$4)^2) -> 901227.27 | H15: =MATCH(MIN(E15:G15),E15:G15,0) -> 1
A16: =Dataset_Rapi!A17 -> P15 | B16: =Dataset_Rapi!B17 -> 15 | C16: =Dataset_Rapi!C17 -> 10 | D16: =Dataset_Rapi!D17 -> 550000 | E16: =SQRT((B16-$J$2)^2+(C16-$K$2)^2+(D16-$L$2)^2) -> 547810.19 | F16: =SQRT((B16-$J$3)^2+(C16-$K$3)^2+(D16-$L$3)^2) -> 700064.28 | G16: =SQRT((B16-$J$4)^2+(C16-$K$4)^2+(D16-$L$4)^2) -> 927838.35 | H16: =MATCH(MIN(E16:G16),E16:G16,0) -> 1
A17: =Dataset_Rapi!A18 -> P16 | B17: =Dataset_Rapi!B18 -> 16 | C17: =Dataset_Rapi!C18 -> 11 | D17: =Dataset_Rapi!D18 -> 605000 | E17: =SQRT((B17-$J$2)^2+(C17-$K$2)^2+(D17-$L$2)^2) -> 599350.15 | F17: =SQRT((B17-$J$3)^2+(C17-$K$3)^2+(D17-$L$3)^2) -> 739603.95 | G17: =SQRT((B17-$J$4)^2+(C17-$K$4)^2+(D17-$L$4)^2) -> 956873.76 | H17: =MATCH(MIN(E17:G17),E17:G17,0) -> 1
A18: =Dataset_Rapi!A19 -> P17 | B18: =Dataset_Rapi!B19 -> 17 | C18: =Dataset_Rapi!C19 -> 12 | D18: =Dataset_Rapi!D19 -> 660000 | E18: =SQRT((B18-$J$2)^2+(C18-$K$2)^2+(D18-$L$2)^2) -> 651456.22 | F18: =SQRT((B18-$J$3)^2+(C18-$K$3)^2+(D18-$L$3)^2) -> 781017.29 | G18: =SQRT((B18-$J$4)^2+(C18-$K$4)^2+(D18-$L$4)^2) -> 988119.83 | H18: =MATCH(MIN(E18:G18),E18:G18,0) -> 1
... A51: =Dataset_Rapi!A52 -> P50 | B51: =Dataset_Rapi!B52 -> 50 | C51: =Dataset_Rapi!C52 -> 70 | D51: =Dataset_Rapi!D52 -> 3850000 | E51: =SQRT((B51-$J$2)^2+(C51-$K$2)^2+(D51-$L$2)^2) -> 3815242.1 | F51: =SQRT((B51-$J$3)^2+(C51-$K$3)^2+(D51-$L$3)^2) -> 3822830.1 | G51: =SQRT((B51-$J$4)^2+(C51-$K$4)^2+(D51-$L$4)^2) -> 3853931.5 | H51: =MATCH(MIN(E51:G51),E51:G51,0) -> 1

Sheet Iterasi_4
A1: ID | B1: Frekuensi | C1: Total_Belanja | D1: Rata_Rata | E1: Jarak_C1 | F1: Jarak_C2 | G1: Jarak_C3 | H1: Cluster | J1: Centroid
A2: =Dataset_Rapi!A3 -> P01 | B2: =Dataset_Rapi!B3 -> 1 | C2: =Dataset_Rapi!C3 -> 1 | D2: =Dataset_Rapi!D3 -> 50000 | E2: =SQRT((B2-$J$2)^2+(C2-$K$2)^2+(D2-$L$2)^2) -> 200248.85 | F2: =SQRT((B2-$J$3)^2+(C2-$K$3)^2+(D2-$L$3)^2) -> 500098.99 | G2: =SQRT((B2-$J$4)^2+(C2-$K$4)^2+(D2-$L$4)^2) -> 800561.3 | H2: =MATCH(MIN(E2:G2),E2:G2,0) -> 1 | J2: 5 | K2: 200000 | L2: 40000
A3: =Dataset_Rapi!A4 -> P02 | B3: =Dataset_Rapi!B4 -> 2 | C3: =Dataset_Rapi!C4 -> 2 | D3: =Dataset_Rapi!D4 -> 90000 | E3: =SQRT((B3-$J$2)^2+(C3-$K$2)^2+(D3-$L$2)^2) -> 206153.34 | F3: =SQRT((B3-$J$3)^2+(C3-$K$3)^2+(D3-$L$3)^2) -> 500897.2 | G3: =SQRT((B3-$J$4)^2+(C3-$K$4)^2+(D3-$L$4)^2) -> 800060.5 | H3: =MATCH(MIN(E3:G3),E3:G3,0) -> 1 | J3: 10 | K3: 500000 | L3: 60000
A4: =Dataset_Rapi!A5 -> P03 | B4: =Dataset_Rapi!B5 -> 3 | C4: =Dataset_Rapi!C5 -> 2 | D4: =Dataset_Rapi!D5 -> 100000 | E4: =SQRT((B4-$J$2)^2+(C4-$K$2)^2+(D4-$L$2)^2) -> 208804.21 | F4: =SQRT((B4-$J$3)^2+(C4-$K$3)^2+(D4-$L$3)^2) -> 501595.45 | G4: =SQRT((B4-$J$4)^2+(C4-$K$4)^2+(D4-$L$4)^2) -> 800247.96 | H4: =MATCH(MIN(E4:G4),E4:G4,0) -> 1 | J4: 15 | K4: 800000 | L4: 80000
A5: =Dataset_Rapi!A6 -> P04 | B5: =Dataset_Rapi!B6 -> 4 | C5: =Dataset_Rapi!C6 -> 3 | D5: =Dataset_Rapi!D6 -> 135000 | E5: =SQRT((B5-$J$2)^2+(C5-$K$2)^2+(D5-$L$2)^2) -> 221413.19 | F5: =SQRT((B5-$J$3)^2+(C5-$K$3)^2+(D5-$L$3)^2) -> 505590.74 | G5: =SQRT((B5-$J$4)^2+(C5-$K$4)^2+(D5-$L$4)^2) -> 801885.4 | H5: =MATCH(MIN(E5:G5),E5:G5,0) -> 1
A6: =Dataset_Rapi!A7 -> P05 | B6: =Dataset_Rapi!B7 -> 5 | C6: =Dataset_Rapi!C7 -> 3 | D6: =Dataset_Rapi!D7 -> 150000 | E6: =SQRT((B6-$J$2)^2+(C6-$K$2)^2+(D6-$L$2)^2) -> 228251.62 | F6: =SQRT((B6-$J$3)^2+(C6-$K$3)^2+(D6-$L$3)^2) -> 508032.48 | G6: =SQRT((B6-$J$4)^2+(C6-$K$4)^2+(D6-$L$4)^2) -> 803053.67 | H6: =MATCH(MIN(E6:G6),E6:G6,0) -> 1 | J6: Centroid Iterasi 4 (diupdate dari Iterasi 3)
A7: =Dataset_Rapi!A8 -> P06 | B7: =Dataset_Rapi!B8 -> 6 | C7: =Dataset_Rapi!C8 -> 4 | D7: =Dataset_Rapi!D8 -> 180000 | E7: =SQRT((B7-$J$2)^2+(C7-$K$2)^2+(D7-$L$2)^2) -> 244127.84 | F7: =SQRT((B7-$J$3)^2+(C7-$K$3)^2+(D7-$L$3)^2) -> 514194.52 | G7: =SQRT((B7-$J$4)^2+(C7-$K$4)^2+(D7-$L$4)^2) -> 806221.81 | H7: =MATCH(MIN(E7:G7),E7:G7,0) -> 1
A8: =Dataset_Rapi!A9 -> P07 | B8: =Dataset_Rapi!B9 -> 7 | C8: =Dataset_Rapi!C9 -> 4 | D8: =Dataset_Rapi!D9 -> 200000 | E8: =SQRT((B8-$J$2)^2+(C8-$K$2)^2+(D8-$L$2)^2) -> 256121.85 | F8: =SQRT((B8-$J$3)^2+(C8-$K$3)^2+(D8-$L$3)^2) -> 519226.35 | G8: =SQRT((B8-$J$4)^2+(C8-$K$4)^2+(D8-$L$4)^2) -> 808945.98 | H8: =MATCH(MIN(E8:G8),E8:G8,0) -> 1
A9: =Dataset_Rapi!A10 -> P08 | B9: =Dataset_Rapi!B10 -> 8 | C9: =Dataset_Rapi!C10 -> 5 | D9: =Dataset_Rapi!D10 -> 225000 | E9: =SQRT((B9-$J$2)^2+(C9-$K$2)^2+(D9-$L$2)^2) -> 272438.98 | F9: =SQRT((B9-$J$3)^2+(C9-$K$3)^2+(D9-$L$3)^2) -> 526516.86 | G9: =SQRT((B9-$J$4)^2+(C9-$K$4)^2+(D9-$L$4)^2) -> 813029.52 | H9: =MATCH(MIN(E9:G9),E9:G9,0) -> 1
A10: =Dataset_Rapi!A11 -> P09 | B10: =Dataset_Rapi!B11 -> 9 | C10: =Dataset_Rapi!C11 -> 5 | D10: =Dataset_Rapi!D11 -> 250000 | E10: =SQRT((B10-$J$2)^2+(C10-$K$2)^2+(D10-$L$2)^2) -> 289996.55 | F10: =SQRT((B10-$J$3)^2+(C10-$K$3)^2+(D10-$L$3)^2) -> 534878.49 | G10: =SQRT((B10-$J$4)^2+(C10-$K$4)^2+(D10-$L$4)^2) -> 817858.18 | H10: =MATCH(MIN(E10:G10),E10:G10,0) -> 1
A11: =Dataset_Rapi!A12 -> P10 | B11: =Dataset_Rapi!B12 -> 10 | C11: =Dataset_Rapi!C12 -> 6 | D11: =Dataset_Rapi!D12 -> 300000 | E11: =SQRT((B11-$J$2)^2+(C11-$K$2)^2+(D11-$L$2)^2) -> 328020.73 | F11: =SQRT((B11-$J$3)^2+(C11-$K$3)^2+(D11-$L$3)^2) -> 554611.58 | G11: =SQRT((B11-$J$4)^2+(C11-$K$4)^2+(D11-$L$4)^2) -> 829692.96 | H11: =MATCH(MIN(E11:G11),E11:G11,0) -> 1
A12: =Dataset_Rapi!A13 -> P11 | B12: =Dataset_Rapi!B13 -> 11 | C12: =Dataset_Rapi!C13 -> 6 | D12: =Dataset_Rapi!D13 -> 330000 | E12: =SQRT((B12-$J$2)^2+(C12-$K$2)^2+(D12-$L$2)^2) -> 352274.89 | F12: =SQRT((B12-$J$3)^2+(C12-$K$3)^2+(D12-$L$3)^2) -> 568237.63 | G12: =SQRT((B12-$J$4)^2+(C12-$K$4)^2+(D12-$L$4)^2) -> 838147 | H12: =MATCH(MIN(E12:G12),E12:G12,0) -> 1
A13: =Dataset_Rapi!A14 -> P12 | B13: =Dataset_Rapi!B14 -> 12 | C13: =Dataset_Rapi!C14 -> 7 | D13: =Dataset_Rapi!D14 -> 385000 | E13: =SQRT((B13-$J$2)^2+(C13-$K$2)^2+(D13-$L$2)^2) -> 398775.88 | F13: =SQRT((B13-$J$3)^2+(C13-$K$3)^2+(D13-$L$3)^2) -> 596337.15 | G13: =SQRT((B13-$J$4)^2+(C13-$K$4)^2+(D13-$L$4)^2) -> 856162.25 | H13: =MATCH(MIN(E13:G13),E13:G13,0) -> 1
A14: =Dataset_Rapi!A15 -> P13 | B14: =Dataset_Rapi!B15 -> 13 | C14: =Dataset_Rapi!C15 -> 8 | D14: =Dataset_Rapi!D15 -> 440000 | E14: =SQRT((B14-$J$2)^2+(C14-$K$2)^2+(D14-$L$2)^2) -> 447210.02 | F14: =SQRT((B14-$J$3)^2+(C14-$K$3)^2+(D14-$L$3)^2) -> 628006.37 | G14: =SQRT((B14-$J$4)^2+(C14-$K$4)^2+(D14-$L$4)^2) -> 877261.19 | H14: =MATCH(MIN(E14:G14),E14:G14,0) -> 1
A15: =Dataset_Rapi!A16 -> P14 | B15: =Dataset_Rapi!B16 -> 14 | C15: =Dataset_Rapi!C16 -> 9 | D15: =Dataset_Rapi!D16 -> 495000 | E15: =SQRT((B15-$J$2)^2+(C15-$K$2)^2+(D15-$L$2)^2) -> 497012.47 | F15: =SQRT((B15-$J$3)^2+(C15-$K$3)^2+(D15-$L$3)^2) -> 662733.73 | G15: =SQRT((B15-$J$4)^2+(C15-$K$4)^2+(D15-$L$4)^2) -> 901227.27 | H15: =MATCH(MIN(E15:G15),E15:G15,0) -> 1
A16: =Dataset_Rapi!A17 -> P15 | B16: =Dataset_Rapi!B17 -> 15 | C16: =Dataset_Rapi!C17 -> 10 | D16: =Dataset_Rapi!D17 -> 550000 | E16: =SQRT((B16-$J$2)^2+(C16-$K$2)^2+(D16-$L$2)^2) -> 547810.19 | F16: =SQRT((B16-$J$3)^2+(C16-$K$3)^2+(D16-$L$3)^2) -> 700064.28 | G16: =SQRT((B16-$J$4)^2+(C16-$K$4)^2+(D16-$L$4)^2) -> 927838.35 | H16: =MATCH(MIN(E16:G16),E16:G16,0) -> 1
A17: =Dataset_Rapi!A18 -> P16 | B17: =Dataset_Rapi!B18 -> 16 | C17: =Dataset_Rapi!C18 -> 11 | D17: =Dataset_Rapi!D18 -> 605000 | E17: =SQRT((B17-$J$2)^2+(C17-$K$2)^2+(D17-$L$2)^2) -> 599350.15 | F17: =SQRT((B17-$J$3)^2+(C17-$K$3)^2+(D17-$L$3)^2) -> 739603.95 | G17: =SQRT((B17-$J$4)^2+(C17-$K$4)^2+(D17-$L$4)^2) -> 956873.76 | H17: =MATCH(MIN(E17:G17),E17:G17,0) -> 1
A18: =Dataset_Rapi!A19 -> P17 | B18: =Dataset_Rapi!B19 -> 17 | C18: =Dataset_Rapi!C19 -> 12 | D18: =Dataset_Rapi!D19 -> 660000 | E18: =SQRT((B18-$J$2)^2+(C18-$K$2)^2+(D18-$L$2)^2) -> 651456.22 | F18: =SQRT((B18-$J$3)^2+(C18-$K$3)^2+(D18-$L$3)^2) -> 781017.29 | G18: =SQRT((B18-$J$4)^2+(C18-$K$4)^2+(D18-$L$4)^2) -> 988119.83 | H18: =MATCH(MIN(E18:G18),E18:G18,0) -> 1
... A51: =Dataset_Rapi!A52 -> P50 | B51: =Dataset_Rapi!B52 -> 50 | C51: =Dataset_Rapi!C52 -> 70 | D51: =Dataset_Rapi!D52 -> 3850000 | E51: =SQRT((B51-$J$2)^2+(C51-$K$2)^2+(D51-$L$2)^2) -> 3815242.1 | F51: =SQRT((B51-$J$3)^2+(C51-$K$3)^2+(D51-$L$3)^2) -> 3822830.1 | G51: =SQRT((B51-$J$4)^2+(C51-$K$4)^2+(D51-$L$4)^2) -> 3853931.5 | H51: =MATCH(MIN(E51:G51),E51:G51,0) -> 1

Sheet Iterasi_5
A1: ID | B1: Frekuensi | C1: Total_Belanja | D1: Rata_Rata | E1: Jarak_C1 | F1: Jarak_C2 | G1: Jarak_C3 | H1: Cluster | J1: Centroid
A2: =Dataset_Rapi!A3 -> P01 | B2: =Dataset_Rapi!B3 -> 1 | C2: =Dataset_Rapi!C3 -> 1 | D2: =Dataset_Rapi!D3 -> 50000 | E2: =SQRT((B2-$J$2)^2+(C2-$K$2)^2+(D2-$L$2)^2) -> 200248.85 | F2: =SQRT((B2-$J$3)^2+(C2-$K$3)^2+(D2-$L$3)^2) -> 500098.99 | G2: =SQRT((B2-$J$4)^2+(C2-$K$4)^2+(D2-$L$4)^2) -> 800561.3 | H2: =MATCH(MIN(E2:G2),E2:G2,0) -> 1 | J2: 5 | K2: 200000 | L2: 40000
A3: =Dataset_Rapi!A4 -> P02 | B3: =Dataset_Rapi!B4 -> 2 | C3: =Dataset_Rapi!C4 -> 2 | D3: =Dataset_Rapi!D4 -> 90000 | E3: =SQRT((B3-$J$2)^2+(C3-$K$2)^2+(D3-$L$2)^2) -> 206153.34 | F3: =SQRT((B3-$J$3)^2+(C3-$K$3)^2+(D3-$L$3)^2) -> 500897.2 | G3: =SQRT((B3-$J$4)^2+(C3-$K$4)^2+(D3-$L$4)^2) -> 800060.5 | H3: =MATCH(MIN(E3:G3),E3:G3,0) -> 1 | J3: 10 | K3: 500000 | L3: 60000
A4: =Dataset_Rapi!A5 -> P03 | B4: =Dataset_Rapi!B5 -> 3 | C4: =Dataset_Rapi!C5 -> 2 | D4: =Dataset_Rapi!D5 -> 100000 | E4: =SQRT((B4-$J$2)^2+(C4-$K$2)^2+(D4-$L$2)^2) -> 208804.21 | F4: =SQRT((B4-$J$3)^2+(C4-$K$3)^2+(D4-$L$3)^2) -> 501595.45 | G4: =SQRT((B4-$J$4)^2+(C4-$K$4)^2+(D4-$L$4)^2) -> 800247.96 | H4: =MATCH(MIN(E4:G4),E4:G4,0) -> 1 | J4: 15 | K4: 800000 | L4: 80000
A5: =Dataset_Rapi!A6 -> P04 | B5: =Dataset_Rapi!B6 -> 4 | C5: =Dataset_Rapi!C6 -> 3 | D5: =Dataset_Rapi!D6 -> 135000 | E5: =SQRT((B5-$J$2)^2+(C5-$K$2)^2+(D5-$L$2)^2) -> 221413.19 | F5: =SQRT((B5-$J$3)^2+(C5-$K$3)^2+(D5-$L$3)^2) -> 505590.74 | G5: =SQRT((B5-$J$4)^2+(C5-$K$4)^2+(D5-$L$4)^2) -> 801885.4 | H5: =MATCH(MIN(E5:G5),E5:G5,0) -> 1
A6: =Dataset_Rapi!A7 -> P05 | B6: =Dataset_Rapi!B7 -> 5 | C6: =Dataset_Rapi!C7 -> 3 | D6: =Dataset_Rapi!D7 -> 150000 | E6: =SQRT((B6-$J$2)^2+(C6-$K$2)^2+(D6-$L$2)^2) -> 228251.62 | F6: =SQRT((B6-$J$3)^2+(C6-$K$3)^2+(D6-$L$3)^2) -> 508032.48 | G6: =SQRT((B6-$J$4)^2+(C6-$K$4)^2+(D6-$L$4)^2) -> 803053.67 | H6: =MATCH(MIN(E6:G6),E6:G6,0) -> 1 | J6: Centroid Iterasi 5 (diupdate dari Iterasi 4)
A7: =Dataset_Rapi!A8 -> P06 | B7: =Dataset_Rapi!B8 -> 6 | C7: =Dataset_Rapi!C8 -> 4 | D7: =Dataset_Rapi!D8 -> 180000 | E7: =SQRT((B7-$J$2)^2+(C7-$K$2)^2+(D7-$L$2)^2) -> 244127.84 | F7: =SQRT((B7-$J$3)^2+(C7-$K$3)^2+(D7-$L$3)^2) -> 514194.52 | G7: =SQRT((B7-$J$4)^2+(C7-$K$4)^2+(D7-$L$4)^2) -> 806221.81 | H7: =MATCH(MIN(E7:G7),E7:G7,0) -> 1
A8: =Dataset_Rapi!A9 -> P07 | B8: =Dataset_Rapi!B9 -> 7 | C8: =Dataset_Rapi!C9 -> 4 | D8: =Dataset_Rapi!D9 -> 200000 | E8: =SQRT((B8-$J$2)^2+(C8-$K$2)^2+(D8-$L$2)^2) -> 256121.85 | F8: =SQRT((B8-$J$3)^2+(C8-$K$3)^2+(D8-$L$3)^2) -> 519226.35 | G8: =SQRT((B8-$J$4)^2+(C8-$K$4)^2+(D8-$L$4)^2) -> 808945.98 | H8: =MATCH(MIN(E8:G8),E8:G8,0) -> 1
A9: =Dataset_Rapi!A10 -> P08 | B9: =Dataset_Rapi!B10 -> 8 | C9: =Dataset_Rapi!C10 -> 5 | D9: =Dataset_Rapi!D10 -> 225000 | E9: =SQRT((B9-$J$2)^2+(C9-$K$2)^2+(D9-$L$2)^2) -> 272438.98 | F9: =SQRT((B9-$J$3)^2+(C9-$K$3)^2+(D9-$L$3)^2) -> 526516.86 | G9: =SQRT((B9-$J$4)^2+(C9-$K$4)^2+(D9-$L$4)^2) -> 813029.52 | H9: =MATCH(MIN(E9:G9),E9:G9,0) -> 1
A10: =Dataset_Rapi!A11 -> P09 | B10: =Dataset_Rapi!B11 -> 9 | C10: =Dataset_Rapi!C11 -> 5 | D10: =Dataset_Rapi!D11 -> 250000 | E10: =SQRT((B10-$J$2)^2+(C10-$K$2)^2+(D10-$L$2)^2) -> 289996.55 | F10: =SQRT((B10-$J$3)^2+(C10-$K$3)^2+(D10-$L$3)^2) -> 534878.49 | G10: =SQRT((B10-$J$4)^2+(C10-$K$4)^2+(D10-$L$4)^2) -> 817858.18 | H10: =MATCH(MIN(E10:G10),E10:G10,0) -> 1
A11: =Dataset_Rapi!A12 -> P10 | B11: =Dataset_Rapi!B12 -> 10 | C11: =Dataset_Rapi!C12 -> 6 | D11: =Dataset_Rapi!D12 -> 300000 | E11: =SQRT((B11-$J$2)^2+(C11-$K$2)^2+(D11-$L$2)^2) -> 328020.73 | F11: =SQRT((B11-$J$3)^2+(C11-$K$3)^2+(D11-$L$3)^2) -> 554611.58 | G11: =SQRT((B11-$J$4)^2+(C11-$K$4)^2+(D11-$L$4)^2) -> 829692.96 | H11: =MATCH(MIN(E11:G11),E11:G11,0) -> 1
A12: =Dataset_Rapi!A13 -> P11 | B12: =Dataset_Rapi!B13 -> 11 | C12: =Dataset_Rapi!C13 -> 6 | D12: =Dataset_Rapi!D13 -> 330000 | E12: =SQRT((B12-$J$2)^2+(C12-$K$2)^2+(D12-$L$2)^2) -> 352274.89 | F12: =SQRT((B12-$J$3)^2+(C12-$K$3)^2+(D12-$L$3)^2) -> 568237.63 | G12: =SQRT((B12-$J$4)^2+(C12-$K$4)^2+(D12-$L$4)^2) -> 838147 | H12: =MATCH(MIN(E12:G12),E12:G12,0) -> 1
A13: =Dataset_Rapi!A14 -> P12 | B13: =Dataset_Rapi!B14 -> 12 | C13: =Dataset_Rapi!C14 -> 7 | D13: =Dataset_Rapi!D14 -> 385000 | E13: =SQRT((B13-$J$2)^2+(C13-$K$2)^2+(D13-$L$2)^2) -> 398775.88 | F13: =SQRT((B13-$J$3)^2+(C13-$K$3)^2+(D13-$L$3)^2) -> 596337.15 | G13: =SQRT((B13-$J$4)^2+(C13-$K$4)^2+(D13-$L$4)^2) -> 856162.25 | H13: =MATCH(MIN(E13:G13),E13:G13,0) -> 1
A14: =Dataset_Rapi!A15 -> P13 | B14: =Dataset_Rapi!B15 -> 13 | C14: =Dataset_Rapi!C15 -> 8 | D14: =Dataset_Rapi!D15 -> 440000 | E14: =SQRT((B14-$J$2)^2+(C14-$K$2)^2+(D14-$L$2)^2) -> 447210.02 | F14: =SQRT((B14-$J$3)^2+(C14-$K$3)^2+(D14-$L$3)^2) -> 628006.37 | G14: =SQRT((B14-$J$4)^2+(C14-$K$4)^2+(D14-$L$4)^2) -> 877261.19 | H14: =MATCH(MIN(E14:G14),E14:G14,0) -> 1
A15: =Dataset_Rapi!A16 -> P14 | B15: =Dataset_Rapi!B16 -> 14 | C15: =Dataset_Rapi!C16 -> 9 | D15: =Dataset_Rapi!D16 -> 495000 | E15: =SQRT((B15-$J$2)^2+(C15-$K$2)^2+(D15-$L$2)^2) -> 497012.47 | F15: =SQRT((B15-$J$3)^2+(C15-$K$3)^2+(D15-$L$3)^2) -> 662733.73 | G15: =SQRT((B15-$J$4)^2+(C15-$K$4)^2+(D15-$L$4)^2) -> 901227.27 | H15: =MATCH(MIN(E15:G15),E15:G15,0) -> 1
A16: =Dataset_Rapi!A17 -> P15 | B16: =Dataset_Rapi!B17 -> 15 | C16: =Dataset_Rapi!C17 -> 10 | D16: =Dataset_Rapi!D17 -> 550000 | E16: =SQRT((B16-$J$2)^2+(C16-$K$2)^2+(D16-$L$2)^2) -> 547810.19 | F16: =SQRT((B16-$J$3)^2+(C16-$K$3)^2+(D16-$L$3)^2) -> 700064.28 | G16: =SQRT((B16-$J$4)^2+(C16-$K$4)^2+(D16-$L$4)^2) -> 927838.35 | H16: =MATCH(MIN(E16:G16),E16:G16,0) -> 1
A17: =Dataset_Rapi!A18 -> P16 | B17: =Dataset_Rapi!B18 -> 16 | C17: =Dataset_Rapi!C18 -> 11 | D17: =Dataset_Rapi!D18 -> 605000 | E17: =SQRT((B17-$J$2)^2+(C17-$K$2)^2+(D17-$L$2)^2) -> 599350.15 | F17: =SQRT((B17-$J$3)^2+(C17-$K$3)^2+(D17-$L$3)^2) -> 739603.95 | G17: =SQRT((B17-$J$4)^2+(C17-$K$4)^2+(D17-$L$4)^2) -> 956873.76 | H17: =MATCH(MIN(E17:G17),E17:G17,0) -> 1
A18: =Dataset_Rapi!A19 -> P17 | B18: =Dataset_Rapi!B19 -> 17 | C18: =Dataset_Rapi!C19 -> 12 | D18: =Dataset_Rapi!D19 -> 660000 | E18: =SQRT((B18-$J$2)^2+(C18-$K$2)^2+(D18-$L$2)^2) -> 651456.22 | F18: =SQRT((B18-$J$3)^2+(C18-$K$3)^2+(D18-$L$3)^2) -> 781017.29 | G18: =SQRT((B18-$J$4)^2+(C18-$K$4)^2+(D18-$L$4)^2) -> 988119.83 | H18: =MATCH(MIN(E18:G18),E18:G18,0) -> 1
... A51: =Dataset_Rapi!A52 -> P50 | B51: =Dataset_Rapi!B52 -> 50 | C51: =Dataset_Rapi!C52 -> 70 | D51: =Dataset_Rapi!D52 -> 3850000 | E51: =SQRT((B51-$J$2)^2+(C51-$K$2)^2+(D51-$L$2)^2) -> 3815242.1 | F51: =SQRT((B51-$J$3)^2+(C51-$K$3)^2+(D51-$L$3)^2) -> 3822830.1 | G51: =SQRT((B51-$J$4)^2+(C51-$K$4)^2+(D51-$L$4)^2) -> 3853931.5 | H51: =MATCH(MIN(E51:G51),E51:G51,0) -> 1
